,player
823,Norvel Pelle
824,Zhou Qi
825,Edy Tavares
826,Mitchell Robinson
827,Hamed Haddadi
828,Goga Bitadze
829,Lucas Nogueira
830,Didier Ilunga-Mbenga
831,Salah Mejri
832,Vincent Poirier
833,Yao Ming
834,Rudy Gobert
835,Darko Miličić
836,Joel Anthony
837,Serge Ibaka
838,Chris Andersen
839,Andrew Bogut
840,Kristaps Porziņģis
841,Theo Ratliff
842,Bismack Biyombo
843,Greg Oden
844,Brandan Wright
845,Samuel Dalembert
846,Jermaine O'Neal
847,Marcus Camby
848,Tim Duncan
849,Tyrus Thomas
850,Ronny Turiaf
851,Dan Gadzuric
852,Clint Capela
853,DeSagana Diop
854,Andrew Bynum
855,Daniel Theis
856,Erick Dampier
857,Hamady N'Diaye
858,Jusuf Nurkić
859,Patrick Ewing
860,Dwight Howard
861,Shaquille O'Neal
862,Georgios Papagiannis
863,Joe Smith
864,Rasheed Wallace
865,Vítor Faverani
866,Bruno Caboclo
867,Isaiah Hartenstein
868,Lou Amundson
869,Thon Maker
870,Ivica Zubac
871,Andris Biedriņš
872,Zydrunas Ilgauskas
873,Elton Brand
874,Brendan Haywood
875,Maxi Kleber
876,Alexis Ajinça
877,Marc Gasol
878,Emeka Okafor
879,Ben Wallace
880,Eric Dawson
881,Luka Šamanić
882,Kevin Séraphin
883,Josh Smith 1
884,Etan Thomas
885,Stephen Zimmerman
886,Chris Kaman
887,Nazr Mohammed
888,Timofey Mozgov
889,Giannis Antetokounmpo
890,Pau Gasol
891,Ryan Hollins
892,Joakim Noah
893,Brian Scalabrine
894,Ian Mahinmi
895,Jonas Valančiūnas
896,Darryl Watkins
897,Bam Adebayo
898,Spencer Hawes
899,Jason Maxiell
900,Jeremy Tyler
901,Hilton Armstrong
902,Marcin Gortat
903,Al Jefferson
904,Kenyon Martin
905,Darius Bazley
906,Al Horford
907,Solomon Jones
908,Boban Marjanović
909,Amar'e Stoudemire
910,Garret Siler
911,Kurt Thomas
912,Ömer Aşık
913,Brian Bowen
914,Tyson Chandler
915,Kyrylo Fesenko
916,Viacheslav Kravtsov
917,Dominic McGuire
918,Kendrick Perkins
919,LaMarcus Aldridge
920,Francisco García
921,Jan Veselý
922,Gustavo Ayón
923,Kris Humphries
924,Paul Millsap
925,Alen Smailagić
926,David West
927,Kevin Durant
928,Andrei Kirilenko
929,Jamario Moon
930,Joel Przybilla
931,JaKarr Sampson
932,Nikola Vučević
933,Furkan Aldemir
934,Tony Battie
935,Semih Erden
936,Christian Eyenga
937,Anžejs Pasečņiks
938,Shane Battier
939,Dragan Bender
940,Melvin Ely
941,Maurice Harkless
942,Yi Jianlian
943,Ognjen Kuzmić
944,Nikola Mirotić
945,Johan Petro
946,Vladimir Radmanović
947,James Singleton
948,Charlie Villanueva
949,Shawne Williams
950,Shelden Williams
951,Ante Žižić
952,Renaldo Balkman
953,Brandon Bass
954,Jeff Foster
955,Joel Freeland
956,Kevin Garnett
957,Willy Hernangómez
958,Jared Jeffries
959,Miroslav Raduljica
960,Tiago Splitter
961,Andray Blatche
962,Chris Bosh
963,Vlatko Čančar
964,Channing Frye
965,Nenê Hilário
966,Lamar Odom
967,Tibor Pleiß
968,Shavlik Randolph
969,Guerschon Yabusele
970,David Andersen
971,Andrea Bargnani
972,Dāvis Bertāns
973,Nikola Jokić
974,Sean Marks
975,Antonio McDyess
976,Mikki Moore
977,Julian Wright
978,Matt Barnes
979,Francisco Elson
980,Donté Greene
981,J.J. Hickson
982,Anderson Varejão
983,Dwyane Wade
984,Chris Wilcox
985,Earl Barron
986,Nemanja Bjelica
987,Kwame Brown
988,Brian Cook
989,Rudy Gay
990,Enes Kanter
991,Jamaal Magloire
992,Nicolò Melli
993,Marvin Williams 1
994,Malik Allen
995,Andre Emmett
996,Josh McRoberts
997,Nikola Peković
998,Juan Toscano-Anderson
999,Tony Allen
1000,Isaac Bonga
1001,Rasual Butler
1002,Nick Collison
1003,Drew Gooden
1004,Aaron Gray
1005,Damien Inglis
1006,Shawn Marion
1007,Dirk Nowitzki
1008,Axel Toupane
1009,Paul Zipser
1010,Nicolas Batum
1011,Vince Carter
1012,Wilson Chandler
1013,Josh Childress
1014,Eddy Curry
1015,Danny Granger
1016,LeBron James
1017,Shaun Livingston
1018,Tracy McGrady
1019,Travis Outlaw
1020,Sasha Pavlović
1021,Gerald Wallace
1022,Rodrigue Beaubois
1023,Nicolás Brussino
1024,Luigi Datome
1025,Jeff Green
1026,Marko Guduric
1027,Chuck Hayes
1028,Andre Iguodala
1029,Brad Miller
1030,Donatas Motiejūnas
1031,Thabo Sefolosha
1032,Taurean Waller-Prince
1033,Dorell Wright
1034,Thanasis Antetokounmpo
1035,Carmelo Anthony
1036,Marquis Daniels
1037,Glen Davis
1038,Gerald Green
1039,Antawn Jamison
1040,C.J. Miles
1041,Kostas Papanikolaou
1042,Quinton Ross
1043,Mustafa Shakur
1044,Jason Collins
1045,Kay Felder
1046,Cristiano Felício
1047,Juan Hernangómez
1048,Grant Hill
1049,Ersan İlyasova
1050,Nenad Krstić
1051,Rodions Kurucs
1052,Carl Landry
1053,Eduardo Nájera
1054,Andrés Nocioni
1055,Zaza Pachulia
1056,Mickaël Piétrus
1057,Alexey Shved
1058,Mirza Teletović
1059,Anthony Tolliver
1060,Metta World Peace
1061,Thaddeus Young
1062,Pero Antić
1063,Matt Bonner
1064,Rodney Carney
1065,Anthony Carter
1066,Victor Claver
1067,Chris Copeland
1068,Baron Davis
1069,Boris Diaw
1070,Mike Dunleavy
1071,Udonis Haslem
1072,Luther Head
1073,Mario Hezonja
1074,Jonas Jerebko
1075,Kyle Korver
1076,David Lee
1077,Rashard Lewis
1078,Troy Murphy
1079,Frank Ntilikina
1080,Mehmet Okur
1081,Paul Pierce
1082,Luis Scola
1083,Delonte West
1084,Damien Wilkins
1085,Randy Foye
1086,PJ Hairston
1087,Joffrey Lauvergne
1088,CJ McCollum
1089,Emmanuel Mudiay
1090,Tayshaun Prince
1091,Dennis Smith Jr.
1092,Hedo Türkoğlu
1093,RJ Barrett
1094,Corey Brewer
1095,Matt Carroll
1096,Omri Casspi
1097,Luol Deng
1098,Sekou Doumbouya
1099,Terrance Ferguson
1100,Danilo Gallinari
1101,Manu Ginóbili
1102,Joey Graham
1103,Josh Howard
1104,Stephen Jackson
1105,Mindaugas Kuzminskas
1106,Leon Powe
1107,Craig Smith
1108,Jamaal Tinsley
1109,P.J. Tucker
1110,Gilbert Arenas
1111,Trevor Ariza
1112,Carlos Boozer
1113,Ronnie Brewer
1114,Brian Cardinal
1115,Luka Dončić
1116,Monta Ellis
1117,Dante Exum
1118,T.J. Ford
1119,Daniel Gibson
1120,Kirk Hinrich
1121,Jason Kidd
1122,Kyle Lowry
1123,John Salmons
1124,Dario Šarić
1125,Jerry Stackhouse
1126,Luke Walton
1127,Álex Abrines
1128,Bogdan Bogdanović
1129,Shannon Brown
1130,Daequan Cook
1131,Jared Dudley
1132,Raymond Felton
1133,Richard Jefferson
1134,Dahntay Jones
1135,Furkan Korkmaz
1136,Timothé Luwawu-Cabarrot
1137,Josh Magette
1138,Jaylen Morris
1139,Josh Powell
1140,Zach Randolph
1141,Brandon Roy
1142,Tornike Shengelia
1143,J.R. Smith
1144,Sebastian Telfair
1145,Al Thornton
1146,Martell Webster
1147,Nick Young
1148,Leandro Barbosa
1149,Aaron Brooks
1150,Mike Conley
1151,Nando De Colo
1152,Maurice Evans
1153,Rudy Fernández
1154,Ben Gordon
1155,Marcelo Huertas
1156,Sheldon Mac
1157,Cartier Martin
1158,Roger Mason
1159,Steve Novak
1160,Elie Okobo
1161,Phil Pressey
1162,Ronnie Price
1163,Tomáš Satoranský
1164,Bobby Simmons
1165,Jason Terry
1166,Von Wafer
1167,Hakim Warrick
1168,Deron Williams
1169,Jawad Williams
1170,Lou Williams
1171,Ray Allen
1172,Kobe Bryant
1173,Caron Butler
1174,Jamal Crawford
1175,Ike Diogu
1176,Zabian Dowdell
1177,Goran Dragić
1178,Reggie Evans
1179,Mickaël Gelabale
1180,Juwan Howard
1181,Joe Ingles
1182,Jarrett Jack
1183,Nicolás Laprovíttola
1184,Devyn Marble
1185,Nemanja Nedović
1186,Raul Neto
1187,Cedi Osman
1188,James Posey
1189,Quentin Richardson
1190,Luke Ridnour
1191,Anfernee Simons
1192,Ime Udoka
1193,C.J. Watson
1194,Arron Afflalo
1195,Alan Anderson
1196,Charlie Bell
1197,Raja Bell
1198,Chauncey Billups
1199,Jarron Collins
1200,Carlos Delfino
1201,Jordan Farmar
1202,Al Harrington
1203,Brandon Jennings
1204,Joe Johnson
1205,Linas Kleiza
1206,Andre Miller
1207,Anthony Parker
1208,Chris Paul
1209,Ricky Rubio
1210,Dennis Schröder
1211,DeShawn Stevenson
1212,Rodney Stuckey
1213,Miloš Teodosić
1214,Andrew White
1215,Marco Belinelli
1216,Mike Bibby
1217,Steve Blake
1218,Keith Bogans
1219,Chris Duhon
1220,Evan Fournier
1221,Royal Ivey
1222,Sergey Karasev
1223,Ricky Ledo
1224,Kevin Martin
1225,Jannero Pargo
1226,J.J. Redick
1227,Nate Robinson
1228,Rajon Rondo
1229,Damjan Rudež
1230,Ramon Sessions
1231,Greivis Vásquez
1232,Sasha Vujačić
1233,Bojan Bogdanović
1234,Earl Boykins
1235,José Calderón
1236,Keyon Dooling
1237,Derek Fisher
1238,Jorge Gutiérrez
1239,Richard Hamilton
1240,Eddie House
1241,Eugene Jeter
1242,Jason Kapono
1243,Corey Maggette
1244,Džanan Musa
1245,Steve Nash
1246,Jameer Nelson
1247,Chris Quinn
1248,Sergio Rodríguez
1249,Walker Russell
1250,Peja Stojaković
1251,Beno Udrih
1252,Carlos Arroyo
1253,J.J. Barea
1254,Stephen Graham
1255,John Lucas III
1256,Gary Neal
1257,Pablo Prigioni
1258,Michael Redd
1259,Joe Young
1260,Maurice Ager
1261,Blake Ahearn
1262,Morris Almond
1263,Kelenna Azubuike
1264,Marcus Banks
1265,Dairis Bertāns
1266,Derrick Byars
1267,Will Conroy
1268,Mitch Creek
1269,Antonio Daniels
1270,Ángel Delgado
1271,Zoran Dragić
1272,Larry Drew
1273,Ronald Dupree
1274,Orien Greene
1275,Dewan Hernandez
1276,Haywood Highsmith
1277,William Howard
1278,Larry Hughes
1279,Othyus Jeffers
1280,Carldell Johnson
1281,Acie Law
1282,Jalen Lecque
1283,Pops Mensah-Bonsu
1284,Adam Mokoka
1285,Luis Montero
1286,Fabricio Oberto
1287,Tim Ohlbrecht
1288,Morris Peterson
1289,Brian Skinner
1290,Darius Songaila
1291,Pape Sy
1292,Emanuel Terry
1293,James Webb
1294,Mario West
1295,Antoine Wright
